Case_GID,Court,Case_Type,Case_Number,Year,Connected_Case_GID
d232b1ec-83dd-4887-a501-98fe18953d23,Окръжен съд - Добрич,Търговско дело,26,2026,
00a86a9c-706b-40c2-9dac-56f2e97a443e,Районен съд - Видин,Гражданско дело,2356,2024,
b0cabc4f-7dff-4c82-8e66-49927f5c33ef,Районен съд - Видин,Гражданско дело,1097,2022,
62aae50d-bc13-4525-86b6-42e607a66679,Районен съд - Търговище,Частно гражданско дело,2164,2025,
62aae50d-bc13-4525-86b6-42e607a66679,Районен съд - Троян,Гражданско дело,367,2026,
f3a6166c-c645-4b2f-b57c-30e7d94291e9,Районен съд - Видин,Гражданско дело,840,2025,
cbb7070b-8357-4614-aa9f-efd44b1779f6,Софийски районен съд,Гражданско дело,10845,2026,
fc421001-a7b8-4094-8aa7-c675e68b1685,Окръжен съд - Видин,Частно наказателно дело,278,2026,
c03fa356-85a2-4178-a6e5-715bcefbef32,Районен съд - Поморие,Наказателно дело от общ характер,256,2026,
416a6c47-e2ac-4b3a-88c3-a002e2b3c1c0,Окръжен съд - Кърджали,Гражданско дело,213,2026,
e10cd1c3-dd3c-4a3c-a305-a32e20a430e8,Районен съд - Ихтиман,Частно гражданско дело,579,2026,
d3ed5ab4-6c75-4c2a-b720-07650d3c0d97,Районен съд - Бяла Слатина,Гражданско дело,489,2025,
28aff20d-93c1-4a80-b7aa-b01fa4768764,Окръжен съд - Хасково,Въззивно частно гражданско дело,120,2026,
28aff20d-93c1-4a80-b7aa-b01fa4768764,Районен съд - Хасково,Гражданско дело,1586,2026,
f4ec5588-0a35-4d2c-9b39-63af18a0fb76,Софийски градски съд,Частно наказателно дело,5475,2026,
3bd0a267-dc00-42a2-8c1c-0714ef1e62eb,Районен съд - Оряхово,Гражданско дело,1334,2025,
d8c5db28-a723-4da1-b6d4-c8304029f007,Окръжен съд - Шумен,Въззивно частно гражданско дело,446,2026,
d8c5db28-a723-4da1-b6d4-c8304029f007,Апелативен съд - Варна,Въззивно частно гражданско дело,391,2026,
2207acec-dddc-4d49-99e7-3452b27b33c5,Районен съд - Козлодуй,Частно гражданско дело,1766,2025,
2207acec-dddc-4d49-99e7-3452b27b33c5,Районен съд - Козлодуй,Гражданско дело,1477,2026,
fdd5b108-d5fb-421e-9d05-def9ac540781,Районен съд - Видин,Частно наказателно дело,986,2026,
8e0941c2-0a69-4a2b-9306-99ca5d5dcff5,Районен съд - Враца,Частно гражданско дело,1204,2026,
8e0941c2-0a69-4a2b-9306-99ca5d5dcff5,Софийски районен съд,Гражданско дело,21049,2026,
775a74f3-2d1d-4df5-9396-168530d75984,Районен съд - Варна,Частно гражданско дело,9850,2025,
775a74f3-2d1d-4df5-9396-168530d75984,Районен съд - Сливница,Гражданско дело,772,2025,
2ec27da2-6fcf-42d7-acc1-299b4a0ea0c3,Районен съд - Пловдив,Административно наказателно дело,4608,2026,
504c7c27-a49f-486e-a6c4-6aa0d86d3ac4,Районен съд - Самоков,Гражданско дело,934,2025,
14ca9314-69fb-4d2b-a148-f05100a5e469,Районен съд - Видин,Гражданско дело,840,2025,
73d1a1d5-feb3-42eb-9f12-7344f3c574a9,Окръжен съд - Варна,Частно наказателно дело,1398,2026,
b4d2d235-776b-494c-890f-1515f4147a4f,Софийски районен съд,Гражданско дело,40994,2025,
b4d2d235-776b-494c-890f-1515f4147a4f,Районен съд - Ихтиман,Гражданско дело,1350,2025,
7c120bd1-6543-47c4-a677-dfbcb4a972f0,Районен съд - Лом,Частно гражданско дело,2615,2024,
dbfb8d28-84bd-47ee-9d70-cf9973f365e5,Софийски окръжен съд,Гражданско дело,283,2026,
dbfb8d28-84bd-47ee-9d70-cf9973f365e5,Апелативен съд - София,Въззивно частно гражданско дело,2185,2026,
c7a55db2-c5d0-4611-aa79-d63b8a376b7d,Районен съд - Пловдив,Гражданско дело,3994,2026,
4336b5e5-c661-40f0-9f15-8bc2b618158e,Районен съд - Шумен,Гражданско дело,3704,2026,
6de09b02-4201-4867-bc5d-25ef8d0d6e26,Софийски районен съд,Гражданско дело,16311,2026,
600fcbb3-341f-48d5-a185-9a3aed3efefe,Районен съд - Велико Търново,Гражданско дело,3164,2026,
fcb4f430-b478-416c-af62-a092172d3520,Районен съд - Радомир,Гражданско дело,792,2025,
4acdd8fd-1ca3-48b4-b0ac-211acb224910,Софийски районен съд,Частно наказателно дело,11098,2026,
04ccb56f-ccf8-4bfd-adc8-4244224457af,Районен съд - Бургас,Наказателно дело от общ характер,3404,2023,
04ccb56f-ccf8-4bfd-adc8-4244224457af,Окръжен съд - Бургас,Въззивно наказателно дело от общ характер,320,2024,
3fd05557-166b-477c-9b73-8a30dd0c98c7,Районен съд - Перник,Гражданско дело,2745,2025,
9f6e38d4-d52a-47ea-a9a4-9bfcb20af1a4,Окръжен съд - Хасково,Частно наказателно дело,578,2026,
2dc86e00-992d-448c-a30c-a6f34548da0b,Районен съд - Царево,Частно наказателно дело,360,2026,
b0e424df-65fb-4ab0-9b39-c1948e482a71,Районен съд - Кюстендил,Гражданско дело,3140,2026,
57bc758f-2d7c-4eee-ab40-8b01750cc746,Софийски градски съд,Частно наказателно дело,5738,2026,
99c952ff-ff63-4b85-bd49-1dee526edc0d,Районен съд - Балчик,Частно гражданско дело,92,2026,
5d9f1830-8edd-4577-af43-8ff9ce66150a,Окръжен съд - Плевен,Гражданско дело,198,2024,
5d9f1830-8edd-4577-af43-8ff9ce66150a,Апелативен съд - Велико Търново,Въззивно гражданско дело,340,2025,
1eda5084-9473-4fdc-96d4-aaad95b0207f,Софийски районен съд,Гражданско дело,19014,2026,
1edb7b2e-4b23-418f-aa6a-20d22ec1e1a7,Окръжен съд - Плевен,Наказателно дело от общ характер,926,2022,
1edb7b2e-4b23-418f-aa6a-20d22ec1e1a7,Апелативен съд - Велико Търново,Въззивно наказателно дело от общ характер,224,2023,
7b8ae097-a2e3-4b23-bce0-48f8108e84c7,Районен съд - Пазарджик,Гражданско дело,3389,2024,
0d2e08b3-0512-4b2f-82ff-18441eab56bb,Районен съд - Бургас,Частно гражданско дело,996,2026,
16ea6ba8-4c68-46fc-9822-8eab087cd413,Районен съд - Айтос,Гражданско дело,1092,2024,
16ea6ba8-4c68-46fc-9822-8eab087cd413,Окръжен съд - Бургас,Въззивно гражданско дело,28,2026,
b176b2a8-abe2-4fd5-aa32-62aaa3d78652,Районен съд - Козлодуй,Частно гражданско дело,839,2026,
2a5b3fc4-b757-4808-99c0-84464c36e8f4,Районен съд - Каварна,Частно гражданско дело,327,2026,
5678e87b-ef88-4a2b-939c-336ff35439d4,Районен съд - Карнобат,Частно гражданско дело,888,2025,
cc75a51f-ef8f-4a0a-beff-c75d52dec15d,Районен съд - Кърджали,Частно гражданско дело,570,2026,
1d08d131-4675-4789-a694-ff389a2fea72,Софийски градски съд,Гражданско дело,7416,2024,
1d08d131-4675-4789-a694-ff389a2fea72,Апелативен съд - София,Въззивно гражданско дело,133,2026,
b9c5d0da-a3ea-4430-a93c-8d3a4b63156a,Районен съд - Хасково,Гражданско дело,1692,2025,
b9c5d0da-a3ea-4430-a93c-8d3a4b63156a,Окръжен съд - Хасково,Въззивно частно гражданско дело,167,2026,
af2ac0c5-cbb6-4ac0-a968-34e5d3413ad5,Районен съд - Смолян,Частно гражданско дело,280,2026,
6c66b302-4fa2-45df-939d-e64205553be8,Районен съд - Смолян,Частно гражданско дело,1400,2026,
0e56ca06-ccdf-4f7c-a071-50f314641934,Районен съд - Пирдоп,Частно гражданско дело,388,2026,
732f02ce-15f3-4a82-aac9-a3bc41fe64a6,Окръжен съд - Русе,Гражданско дело,525,2025,
732f02ce-15f3-4a82-aac9-a3bc41fe64a6,Апелативен съд - Велико Търново,Въззивно гражданско дело,54,2026,
4e7ee779-6278-406b-81ea-9b03687227b9,Районен съд - Перник,Частно гражданско дело,6371,2026,
a558954c-12f2-495e-acc8-959e252b41ee,Районен съд - Стара Загора,Административно наказателно дело,2162,2026,
f3800fed-61a0-44b7-9e22-5dd8942f7302,Районен съд - Перник,Частно гражданско дело,2365,2026,
c0499ecd-5535-4d8c-b586-b5074e191837,Районен съд - Севлиево,Гражданско дело,979,2026,
92340987-2669-4143-bb07-85877991657d,Районен съд - Смолян,Частно гражданско дело,139,2026,
cd608a05-fdb4-44ef-8c27-457ac494cfc6,Районен съд - Перник,Частно гражданско дело,2885,2025,
291e6018-1ab2-47f5-bdf4-d478a9304a59,Софийски районен съд,Гражданско дело,16608,2026,
f1c51893-c1ab-4b4c-9e3b-d3adb97b9263,Районен съд - Тетевен,Частно гражданско дело,804,2025,
dbccf0a4-2fd9-4356-b661-0619bcf1ecca,Софийски градски съд,Гражданско дело,10773,2023,
dbccf0a4-2fd9-4356-b661-0619bcf1ecca,Апелативен съд - София,Въззивно гражданско дело,1864,2025,
815eb784-48e9-4490-b796-e5ee8418165e,Софийски районен съд,Гражданско дело,45558,2024,
007227ce-de22-45b2-a4cf-d9f60c89c4f3,Районен съд - Перник,Частно гражданско дело,8510,2026,
4e961f99-9323-4cd7-8de0-58a2cf496f93,Софийски градски съд,Въззивно гражданско дело,4386,2024,
4e961f99-9323-4cd7-8de0-58a2cf496f93,Софийски районен съд,Гражданско дело,28375,2025,
3ab01233-ee16-471a-b846-93f91e9cb4c4,Апелативен съд - София,Въззивно гражданско дело,990,2025,
8b4d629e-66e3-4394-9d3f-adf6b5d68a85,Софийски районен съд,Гражданско дело,77081,2024,
86de5fe2-f178-4d02-818d-3e69013d3c27,Районен съд - Горна Оряховица,Гражданско дело,73,2025,
86de5fe2-f178-4d02-818d-3e69013d3c27,Окръжен съд - Велико Търново,Въззивно гражданско дело,1173,2025,
c9d5b5e9-0f73-455a-840b-f64a97149299,Софийски районен съд,Гражданско дело,27767,2024,
a7faf68b-e8f7-4009-83dc-1de7f41e6968,Софийски районен съд,Гражданско дело,60990,2024,
44b54e7d-cdf7-466c-a6a2-c548f7927440,Окръжен съд - Варна,Търговско дело,308,2024,
44b54e7d-cdf7-466c-a6a2-c548f7927440,Апелативен съд - Варна,Въззивно търговско дело,465,2025,
c513ec3d-ca97-453b-8813-dfb6a7e78beb,Софийски районен съд,Гражданско дело,74268,2024,
dda65c38-3719-4bce-a029-e257968bbfb4,Софийски градски съд,Гражданско дело,7769,2022,
dda65c38-3719-4bce-a029-e257968bbfb4,Апелативен съд - София,Въззивно гражданско дело,1450,2025,
eaf3238e-d820-4c7b-be36-170e446f351d,Районен съд - Пазарджик,Гражданско дело,1991,2026,
384c9df8-a72f-4c77-a9b8-a602ec972623,Районен съд - Кюстендил,Гражданско дело,3448,2026,
ce8a9a23-948a-4812-94d9-c6481a6239d5,Софийски градски съд,Гражданско дело,7769,2022,
ce8a9a23-948a-4812-94d9-c6481a6239d5,Апелативен съд - София,Въззивно гражданско дело,1450,2025,
ca0285d6-d90a-4978-ba8e-5fada6528231,Районен съд - Плевен,Гражданско дело,731,2026,
ca0285d6-d90a-4978-ba8e-5fada6528231,Софийски районен съд,Гражданско дело,9758,2026,
b4587341-291b-4f65-a5fc-5516cd2861ba,Районен съд - Габрово,Частно гражданско дело,2261,2026,
e8fbae05-ceb8-4bc2-a273-373d2687ddf6,Районен съд - Благоевград,Частно гражданско дело,2274,2026,
81577ab7-6e47-4f84-9529-519226a09e42,Районен съд - Елхово,Гражданско дело,1038,2026,
81577ab7-6e47-4f84-9529-519226a09e42,Окръжен съд - Ямбол,Въззивно частно гражданско дело,288,2026,
487da072-1338-429c-8aff-edb75d9650d1,Софийски районен съд,Гражданско дело,7707,2026,
0071f65b-d1b5-4f7d-aecc-e54e29f8eb80,Районен съд - Разград,Частно гражданско дело,1241,2026,
ac937b4c-391c-4333-8e10-2f3044bc7543,Районен съд - Разград,Частно гражданско дело,1091,2026,
ab86500b-6607-44a8-a848-75bda0c31191,Районен съд - Кубрат,Частно гражданско дело,1079,2026,
6c58dd58-2bf3-4755-9e3e-018a40dc503d,Районен съд - Разград,Гражданско дело,708,2026,
d69833da-3918-45d7-b051-30dfc935b443,Софийски градски съд,Гражданско дело,6449,2026,
c03088dd-e380-4088-9d8c-fae84956f657,Районен съд - Дупница,Частно гражданско дело,3438,2026,
473f178c-80d1-484b-9fa0-236a64788fc5,Районен съд - Варна,Гражданско дело,12425,2024,
7f502c38-6dea-4c42-b894-95a2c93d1941,Районен съд - Дупница,Наказателно дело от общ характер,460,2025,
adbabed9-f142-421a-8cb6-8a24c135d639,Районен съд - Варна,Гражданско дело,4493,2025,
12029229-f457-4a01-a9bc-ce0d3e061a35,Районен съд - Шумен,Гражданско дело,3918,2026,
2a722a7e-6e2f-43e4-8747-1766add91c7a,Районен съд - Царево,Частно наказателно дело,359,2026,
0150a26e-b1b1-4c86-8bb3-216d5f467f97,Районен съд - Варна,Гражданско дело,2964,2026,
5d999613-caa6-40ce-a74c-4b4344ce8c48,Окръжен съд - Враца,Частно наказателно дело,441,2026,
7536a20c-7efc-43c0-b09d-3dc3adf54320,Окръжен съд - Перник,Частно наказателно дело,379,2026,
18612187-1612-4cc9-b3bd-e1cc31bf714d,Районен съд - Варна,Гражданско дело,451,2025,
6e521fd5-95ef-43c5-981f-8254599af53f,Районен съд - Ловеч,Гражданско дело,713,2025,
b7a7d051-5d80-4176-8455-2efcc7835da3,Районен съд - Варна,Гражданско дело,16363,2024,
082038b3-339d-4d91-ba3e-d38f6858a3de,Районен съд - Провадия,Частно гражданско дело,654,2026,
dfd14657-41ba-4cde-be6f-f50ae954924a,Районен съд - Провадия,Частно гражданско дело,669,2026,
30c36385-09ab-49ff-8e4c-62807976a73b,Окръжен съд - Търговище,Въззивно частно гражданско дело,189,2026,
30c36385-09ab-49ff-8e4c-62807976a73b,Районен съд - Попово,Гражданско дело,956,2026,
89fed508-6a14-4da9-93f3-5d4a3ed8f05c,Районен съд - Ботевград,Гражданско дело,280,2025,
a4aa3f80-5519-41bd-bdf4-e10f4a53af97,Районен съд - Казанлък,Гражданско дело,2194,2025,
f493de61-00eb-49f5-b1b9-07a4fac9aaac,Окръжен съд - Бургас,Гражданско дело,1653,2025,
1bf566d6-4f4b-4d86-bf2d-2f5054ab61ef,Районен съд - Стара Загора,Гражданско дело,4350,2025,
53872dff-9bb4-4557-9a20-1c68b065a058,Окръжен съд - Пловдив,Търговско дело,539,2026,
2070b911-4d1d-4e66-a4bd-7a464280f966,Районен съд - Провадия,Частно гражданско дело,658,2026,
2c212a97-359c-4f21-bd05-4cf0f78e23ad,Районен съд - Бургас,Гражданско дело,7505,2025,
2c212a97-359c-4f21-bd05-4cf0f78e23ad,Окръжен съд - Бургас,Гражданско дело,1042,2026,
d25e2462-88f0-4555-8bfc-d40fe7961ded,Софийски районен съд,Наказателно дело от общ характер,5172,2024,
109b7eed-50c4-417e-a326-bf6d2f149c7a,Окръжен съд - Бургас,Търговско дело,73,2026,
07579608-64d3-47a1-b1d2-864c5c40f059,Районен съд - Севлиево,Гражданско дело,1000,2026,
a4d16472-1b40-4827-a268-e18ac9601617,Софийски градски съд,Въззивно частно гражданско дело,10041,2024,
a43e6f0b-7fad-4436-b22f-031c81070c48,Районен съд - Провадия,Гражданско дело,55,2026,
90fc6f90-f913-4528-a116-efd58290cead,Окръжен съд - Враца,Частно наказателно дело,399,2026,
1a45ac57-3875-4e3f-9238-e5960a071838,Окръжен съд - Пловдив,Търговско дело,237,2026,
da79a949-aa92-44c9-bbaa-021b3eda80e6,Окръжен съд - Пловдив,Търговско дело,405,2026,
cab66c27-bfaf-41fe-910c-3ad843b26361,Окръжен съд - Благоевград,Частно наказателно дело,890,2026,
9667ced9-07ca-46fb-a6d4-c9966a358eac,Окръжен съд - Пловдив,Търговско дело,729,2025,
0f06ec93-4829-4594-bd1f-8299bab8ebd0,Окръжен съд - Пловдив,Търговско дело,331,2025,
cfbe8f93-cea6-4b96-b2c3-0d96bd2d5c5f,Районен съд - Тополовград,Гражданско дело,1239,2026,
25f7c831-7675-4192-8b78-ccf7e87c3c8b,Окръжен съд - Кърджали,Гражданско дело,233,2025,
2495d160-e0d8-43fd-96a9-5c41f62e5f35,Окръжен съд - Благоевград,Частно наказателно дело,277,2026,
11389d52-1d9f-4ffd-ba4d-13f884decba1,Софийски градски съд,Гражданско дело,8384,2026,
11389d52-1d9f-4ffd-ba4d-13f884decba1,Апелативен съд - София,Въззивно частно гражданско дело,2332,2026,
2851bc68-e4e6-471e-b0c7-8ce2ab590b84,Районен съд - Стара Загора,Гражданско дело,2783,2026,
f5772e17-1642-4d97-8078-3ae68dd766a5,Софийски районен съд,Гражданско дело,15463,2026,
8c84fc1f-855b-4dbf-ba63-63e6932fa845,Апелативен съд - Велико Търново,Въззивно гражданско дело,567,2024,
4559f77f-9cb6-489f-bebb-528af7bff174,Окръжен съд - Ямбол,Частно наказателно дело,327,2026,
f318606f-4499-4e7c-b674-8751312f0315,Окръжен съд - Ловеч,Наказателно дело от общ характер,194,2024,
f318606f-4499-4e7c-b674-8751312f0315,Апелативен съд - Велико Търново,Въззивно наказателно дело от общ характер,393,2025,
ec118d05-35c9-47c8-a3a0-272e09bebe3a,Софийски градски съд,Наказателно дело от общ характер,6518,2025,
5ab7f8ee-6ad7-444b-b73b-40b81b01cb45,Софийски градски съд,Наказателно дело от общ характер,1199,2022,
9c4a483d-3cb1-4add-960f-7104f95a5392,Софийски градски съд,Частно гражданско дело,6518,2026,
ea35db82-8d18-4631-8071-0252513ed21f,Районен съд - Перник,Гражданско дело,7810,2026,
2dbd698d-6dee-449e-bd4b-4a48eaf02189,Софийски градски съд,Частно наказателно дело,5734,2026,
683fe4ca-d129-460c-9b7e-a717a093e9bf,Софийски градски съд,Частно наказателно дело,5706,2026,
a04cd377-a40c-4f37-a43e-1ffba4e76390,Софийски районен съд,Гражданско дело,55234,2024,
b13fc7a6-7348-4ee0-9ae0-ce967e2cf074,Районен съд - Кюстендил,Частно гражданско дело,2534,2026,
419cd52a-f903-43f7-b568-370e5cdd9b4b,Окръжен съд - Смолян,Частно наказателно дело,152,2026,
3ea39b46-91a9-489c-8b9d-b5316e290f29,Районен съд - Стара Загора,Наказателно от частен характер дело,1576,2026,
0d553134-2c68-4654-821d-a13fde0fd8a3,Софийски градски съд,Гражданско дело,7371,2023,
62621af0-ba0b-4dcf-94dd-9f16c966b8e4,Върховен касационен съд,Наказателно дело за възобновяване,440,2026,
ece671d7-c3ca-4b85-b8cb-1f0ce6f0a8cc,Окръжен съд - Кърджали,Частно наказателно дело,277,2026,
5edb4388-bdb9-48d9-94e2-a6f58156684e,Районен съд - Разград,Наказателно дело от общ характер,460,2026,
22b296f7-c7cd-4036-957f-8cd70e61370e,Районен съд - Варна,Частно гражданско дело,4106,2026,
ab9cc9ae-ff51-4c50-ab94-1df07343c684,Окръжен съд - Кюстендил,Частно наказателно дело,529,2026,
70fe30f8-7105-4135-937a-c2fcbaad0d59,Софийски градски съд,Гражданско дело,8671,2026,
330848dd-5e2a-4eeb-b4eb-ab8b29015780,Районен съд - Горна Оряховица,Гражданско дело,1508,2026,
9a7a4ade-19e9-4a34-943b-b2dd6c29576e,Софийски градски съд,Гражданско дело,12338,2025,
76b01f16-6013-4f9d-90bf-cf33833f6762,Софийски районен съд,Гражданско дело,17870,2026,
325e0f9a-2f68-4a77-bf8f-09898778f717,Софийски районен съд,Гражданско дело,5707,2026,
325e0f9a-2f68-4a77-bf8f-09898778f717,Софийски градски съд,Търговско дело,1387,2026,
1b85c6c6-27b0-4294-a9e7-b9e483499474,Районен съд - Добрич,Частно гражданско дело,3677,2026,
11021fe0-514b-4044-bb4a-ac659c09a333,Окръжен съд - Сливен,Гражданско дело,234,2024,
11021fe0-514b-4044-bb4a-ac659c09a333,Апелативен съд - Бургас,Въззивно гражданско дело,53,2026,
d8c1b0de-f06d-4a2a-b427-21de0cf79b10,Софийски окръжен съд,Търговско дело,146,2025,
8de36406-238a-4a0f-9f1d-b3504305e1bb,Районен съд - Бургас,Частно гражданско дело,2957,2026,
b4277281-619b-4dd7-b927-398c5873bf26,Софийски градски съд,Гражданско дело,7911,2025,
b4277281-619b-4dd7-b927-398c5873bf26,Софийски окръжен съд,Гражданско дело,145,2026,
479883f6-1833-4cf6-85da-de6688f08059,Окръжен съд - Монтана,Частно търговско дело,13,2026,
109d1a95-a243-4743-8eee-6e6fa6d888a8,Окръжен съд - Враца,Търговско дело,23,2023,
b8595d10-33ad-4e5d-ba5b-08495136f771,Районен съд - Левски,Частно гражданско дело,364,2026,
5e554767-b105-4bdc-8455-aa1f4c494732,Софийски градски съд,Гражданско дело,7426,2024,
4ceb4fb4-5d1d-4ede-8b08-0dd7599393b8,Окръжен съд - Сливен,Въззивно наказателно дело от частен характер,578,2024,
4ceb4fb4-5d1d-4ede-8b08-0dd7599393b8,Районен съд - Сливен,Наказателно от частен характер дело,149,2025,
681c57a6-3d4b-4ad1-9a5c-a07643220b85,Софийски градски съд,Частно наказателно дело,5710,2026,
fe0f7179-9764-4201-b14b-653f0eed7bc5,Районен съд - Казанлък,Наказателно дело от общ характер,1108,2022,
71fa4058-7e71-4490-885c-de8cfbd232b3,Районен съд - Добрич,Наказателно дело от общ характер,70,2024,
7b92c687-7df0-4519-b18e-471141125d1f,Районен съд - Сливен,Наказателно дело от общ характер,188,2025,
38b35dcb-61c8-45f4-9c7d-8cd15a30a087,Софийски градски съд,Гражданско дело,12193,2022,
38b35dcb-61c8-45f4-9c7d-8cd15a30a087,Апелативен съд - София,Въззивно частно гражданско дело,387,2026,
3de68a0a-9885-437e-8630-b821a343a4e3,Апелативен съд - Пловдив,Въззивно наказателно дело от общ характер,389,2023,
3de68a0a-9885-437e-8630-b821a343a4e3,Окръжен съд - Пазарджик,Наказателно дело от общ характер,1082,2023,
49c01a64-3e28-4cc6-8d83-581c812e8557,Софийски районен съд,Наказателно дело от общ характер,13118,2025,
49c01a64-3e28-4cc6-8d83-581c812e8557,Софийски градски съд,Въззивно частно наказателно дело,1145,2026,
967f9c49-dfb4-405e-9e68-50404fa65940,Софийски районен съд,Частно наказателно дело,6441,2026,
e51f0e95-4a5f-4774-b798-af5249bb409b,Административен съд - Враца,Административно дело,99,2026,
5737526b-9ae9-4a7d-a628-c621a897bd68,Административен съд - Габрово,Административно дело,213,2026,
6bfd89cd-e6eb-4414-ab02-a9bff3173ddf,Административен съд - София-град,Административно дело,9057,2026,
9bf4e3dc-858e-42d2-b05a-27ee3a95a234,Административен съд - Ямбол,Административно дело,359,2026,
9eda20d2-d84c-4a19-8f0b-4128772087cb,Административен съд - Перник,Административно дело,2,2026,
cd3b6c14-9745-4148-9eed-af87e1523562,Окръжен съд - Бургас,Гражданско дело,534,2025,
cd3b6c14-9745-4148-9eed-af87e1523562,Апелативен съд - Бургас,Въззивно гражданско дело,69,2026,
c8e358bc-f941-46b1-8b3c-5f05c566d463,Административен съд - Сливен,Административно дело,97,2026,
bc0989cd-35b8-4de7-bcae-125e103d06e3,Районен съд - Пловдив,Гражданско дело,4496,2025,
afcbca0a-7b54-43c4-94eb-e635a7d6ea20,Районен съд - Берковица,Частно гражданско дело,970,2026,
1d7c02fb-345f-421d-8d79-2deb5ff03ded,Административен съд - София-град,Административно дело,3643,2026,
2eb9577f-0045-40c3-b4df-66483cf5dff9,Районен съд - Пловдив,Гражданско дело,1204,2026,
6ae55c24-f509-4643-966f-d7ca67b1d8f1,Софийски градски съд,Гражданско дело,5459,2024,
6ae55c24-f509-4643-966f-d7ca67b1d8f1,Апелативен съд - София,Въззивно гражданско дело,1888,2025,
1864b737-9240-40d0-98b5-7f009e81182a,Районен съд - Габрово,Административно наказателно дело,295,2026,
7705aec7-20de-4307-82fc-c8c9a5f90faf,Районен съд - Габрово,Административно наказателно дело,226,2026,
34eb1628-9da9-437a-a643-fa5d12eb4c72,Районен съд - Габрово,Административно наказателно дело,86,2026,
8966ce12-72b4-4348-9b2d-b4a8131b6228,Районен съд - Габрово,Административно наказателно дело,65,2026,
2be593a8-4f62-4a97-a300-4167d673b59b,Софийски районен съд,Гражданско дело,47516,2025,
49843990-ea70-4e0a-86e7-0b9a100a4821,Районен съд - Монтана,Гражданско дело,3010,2026,
b28de13d-9b6c-4e19-8269-be60e086bcb1,Софийски районен съд,Гражданско дело,7526,2026,
5344d0d1-af67-443c-b86a-cba35b5ad773,Административен съд - София-град,Административно дело,3857,2026,
a6fe53ab-ae65-41bd-9833-94a7e3b5c9b6,Окръжен съд - Варна,Гражданско дело,2528,2025,
a6fe53ab-ae65-41bd-9833-94a7e3b5c9b6,Административен съд - Варна,Административно дело,2495,2026,
b681511b-a12f-49b2-9729-6eec0575bbe0,Районен съд - Горна Оряховица,Частно гражданско дело,1633,2026,
00932abe-5b9c-4f7a-bf31-9c5f467fea43,Административен съд - Пазарджик,Административно дело,1523,2025,
e085a5cc-8839-4feb-8e57-e631f9ab5c0f,Софийски районен съд,Частно наказателно дело,12140,2026,
e690a7f9-7ae3-4080-85d7-ec33cffc4aea,Районен съд - Велико Търново,Гражданско дело,3878,2025,
fe39e871-57f2-47cf-becf-da9357f84ae2,Административен съд - Добрич,Административно дело,488,2025,
dbcdc609-5c0e-4441-be40-a295ecfaf4b8,Софийски районен съд,Частно наказателно дело,11983,2026,
6718c713-ae96-4c40-a7ca-cd6c40969e27,Административен съд - Велико Търново,Административно дело,450,2026,
4e5ef1dc-f7c8-43e3-8e4f-f8935a06c1e8,Районен съд - Велико Търново,Гражданско дело,720,2026,
7ab40d90-40d1-4152-a995-d9b1d7eb4e10,Окръжен съд - Хасково,Частно наказателно дело,548,2026,
803a5f74-2b13-4b37-b98f-5f2dcf4a1289,Окръжен съд - Хасково,Частно наказателно дело,572,2026,
64e2e33c-bae9-445e-a490-eb0e6c03665f,Софийски районен съд,Частно наказателно дело,12027,2026,
50025c2b-99b5-456b-98a2-458def1b4d1a,Административен съд - София-град,Административно дело,3935,2025,
2736a361-4b9d-4e45-afd6-b5ed6ae707ac,Административен съд - София-град,Административно дело,5690,2025,
6b6f97da-2bc6-4ff8-a349-c197e6bfd848,Софийски районен съд,Административно наказателно дело,11938,2026,
1934b528-cdc8-487e-954d-8ae5b5867dd0,Районен съд - Варна,Частно наказателно дело,3503,2026,
7fefbf07-1922-4fd3-a489-0106d10a443d,Софийски районен съд,Гражданско дело,16391,2023,
7fefbf07-1922-4fd3-a489-0106d10a443d,Софийски градски съд,Въззивно гражданско дело,11162,2024,
dff268ba-6a97-41e5-a046-7aaa02f1ccfe,Районен съд - Перник,Частно наказателно дело,1395,2026,
274f2016-94ba-4f2e-874a-db59f058cb47,Административен съд - София-град,Административно дело,7258,2025,
297ac075-6c6c-401e-b39b-a753b26d7cdd,Административен съд - Пловдив,Административно дело,670,2026,
7127fc7f-af77-4ee1-94fd-337b92071441,Районен съд - Монтана,Административно наказателно дело,483,2026,
aea9149f-b9fd-479e-804c-86766da46c84,Районен съд - Ловеч,Частно гражданско дело,1329,2026,
eca9e343-f5e6-4ec1-b2a0-fa07b5636bac,Административен съд - София-град,Административно дело,4450,2026,
3395e9c5-2565-45e2-b6b2-4b2873e54391,Районен съд - Пловдив,Гражданско дело,14492,2025,
3395e9c5-2565-45e2-b6b2-4b2873e54391,Окръжен съд - Пловдив,Търговско дело,140,2026,
5c7631b2-698a-4bc3-9484-dfd1e9f9c182,Административен съд - Пазарджик,Административно дело,426,2025,
18fc5c83-da92-4d40-8471-593df488791b,Административен съд - София-град,Административно дело,4927,2026,
77a2541c-9cdb-497a-a98c-6e747b424714,Районен съд - Гоце Делчев,Гражданско дело,1045,2024,
77a2541c-9cdb-497a-a98c-6e747b424714,Окръжен съд - Благоевград,Въззивно гражданско дело,1189,2025,
9fd3a445-295d-467a-8f87-b43b09964355,Административен съд - София-град,Административно дело,2288,2025,
2b0795e1-4e17-48cc-8880-f4fff17b6c3c,Административен съд - Хасково,Административно дело,802,2024,
be361764-a888-46fb-a202-de9e77eb1f5e,Административен съд - София-област,Административно дело,173,2026,
e1f626ce-97aa-4bac-9839-2310e533d861,Административен съд - Смолян,Административно дело,117,2026,
4533ad5d-be42-47b3-9015-8ff23963f186,Районен съд - Дулово,Частно гражданско дело,340,2026,
f8113258-7170-4249-9be8-24edca0681b3,Административен съд - Стара Загора,Административно дело,942,2025,
213108be-3ef0-4d74-9316-52adec02a00c,Районен съд - Дулово,Частно гражданско дело,244,2026,
1a4a92f7-2323-48fe-9653-0b2e8bff20ef,Административен съд - София-град,Административно дело,11303,2025,
b84446ea-fa3e-4252-a54f-9332df6ca0b3,Районен съд - Пазарджик,Гражданско дело,871,2026,
d93ff0e1-f734-425c-81fa-f45b4cbfac91,Районен съд - Панагюрище,Гражданско дело,601,2025,
e36d9cf1-bb44-4a96-8d09-b84ab4189f72,Районен съд - Сливен,Наказателно от частен характер дело,1019,2026,
01e48b67-7b77-48b0-9fc0-a3ccfb677e04,Софийски градски съд,Наказателно дело от общ характер,777,2025,
01e48b67-7b77-48b0-9fc0-a3ccfb677e04,Апелативен съд - София,Въззивно наказателно дело от общ характер,1032,2025,
71ea2519-e1fb-4563-8501-29f26766c693,Върховен касационен съд,Касационно частно наказателно дело,654,2026,
71ea2519-e1fb-4563-8501-29f26766c693,Районен съд - Нови пазар,Наказателно от частен характер дело,275,2026,
dadc3cf5-655d-4b2f-a69f-efb0aa288129,Районен съд - Сливен,Гражданско дело,1261,2026,
dadc3cf5-655d-4b2f-a69f-efb0aa288129,Окръжен съд - Сливен,Въззивно частно гражданско дело,409,2026,
cea02597-1b96-4284-9da5-dd541969a436,Административен съд - Стара Загора,Административно дело,795,2026,
eddc26a4-b5b3-4c17-9b83-9f04129cb0f1,Административен съд - София-град,Административно дело,1124,2026,
1745d6b5-fe80-4999-8b37-b0be2e791caf,Административен съд - София-град,Административно дело,7231,2025,
c0dd54c4-43c8-4581-8e46-53d5deba8e46,Административен съд - Велико Търново,Административно дело,142,2026,
1f7b1d31-f45e-4ee2-afa7-f675288a4793,Административен съд - Смолян,Административно дело,342,2025,
99910d30-e779-41b9-9086-cca8309484ae,Административен съд - Ловеч,Административно дело,269,2026,
7c185012-46af-4cf6-afaf-7ee3dbd3f29a,Административен съд - Търговище,Административно дело,298,2026,
902eda6c-ddaa-4fa3-9c97-92bdced77e61,Административен съд - София-град,Административно дело,11713,2025,
c83610bb-c8a0-401d-ae6e-00ed391e7654,Административен съд - София-област,Административно дело,360,2023,
40acdda4-847a-41fc-8a3a-b5b277be2839,Административен съд - София-град,Административно дело,8269,2026,
8273568a-bade-49a2-9062-fe835d3acc22,Административен съд - София-град,Административно дело,3264,2026,
ffe1dfb3-9aaa-470e-95e1-12571c10ffb8,Районен съд - Видин,Частно гражданско дело,3748,2026,
5bee60d6-8772-4ecb-8b6f-40d0e360c6aa,Окръжен съд - Благоевград,Частно наказателно дело,925,2026,
001a2ad5-4ac7-4c6a-802d-3131a45a5b64,Районен съд - Силистра,Частно гражданско дело,752,2026,
ffe88aa5-f3c5-4713-a93a-687f83b6f890,Районен съд - Велико Търново,Частно гражданско дело,623,2026,
a7a56359-8103-4baa-a5b9-81fe0e4c30cb,Софийски районен съд,Частно гражданско дело,24044,2026,
4ed16ba0-99ea-449e-8c8e-ece7e816823f,Районен съд - Крумовград,Частно гражданско дело,677,2026,
d4e898ea-dad4-4085-932a-7e0b5db5737a,Районен съд - Габрово,Гражданско дело,262,2025,
3ab468d7-1d94-4005-b442-951cc8447f94,Районен съд - Казанлък,Частно гражданско дело,1267,2026,
6a875b93-4042-4d52-a87b-bd0318fd14a0,Върховен касационен съд,Касационно гражданско дело,4735,2024,
cd8edb4b-484d-4acd-ad3a-772a3863e690,Софийски районен съд,Гражданско дело,75177,2024,
78ae6fe4-19e5-4c28-a80a-74d711c427d9,Софийски районен съд,Гражданско дело,43075,2025,
3243fb73-3df0-42ba-ab17-503426c0cbcf,Софийски районен съд,Гражданско дело,46604,2025,
389dc4b9-ad94-4c80-aee8-24f6fdc3ea39,Районен съд - Кубрат,Частно гражданско дело,1658,2025,
389dc4b9-ad94-4c80-aee8-24f6fdc3ea39,Софийски районен съд,Гражданско дело,966,2026,
a4756d63-9cec-4f56-a167-80e4629dd00d,Софийски районен съд,Гражданско дело,21605,2025,
14e59f73-3c86-45c0-8456-9a757ba03555,Софийски районен съд,Гражданско дело,8033,2026,
124dc1ea-568d-45b2-815e-199bf5553532,Софийски районен съд,Гражданско дело,35484,2025,
e8b28c3c-917b-487c-b406-a944719310de,Районен съд - Смолян,Частно гражданско дело,287,2026,
3f5cdce1-d5fc-45c5-b550-c3da1a106d82,Окръжен съд - Кюстендил,Въззивно частно гражданско дело,118,2025,
3f5cdce1-d5fc-45c5-b550-c3da1a106d82,Софийски районен съд,Гражданско дело,15016,2025,
f6744207-03de-4e48-81b0-452c4b1b1ad9,Софийски районен съд,Гражданско дело,3612,2023,
0e386a7e-e83e-4a6d-8290-234d4296b72a,Софийски районен съд,Частно гражданско дело,19246,2024,
0e386a7e-e83e-4a6d-8290-234d4296b72a,Софийски районен съд,Гражданско дело,41873,2025,
6ae43108-66be-4f9b-ba19-7e8c07f3b313,Софийски районен съд,Гражданско дело,17671,2024,
24e433b8-3e51-487e-95bc-c9b389121d53,Софийски районен съд,Гражданско дело,29169,2024,
aaaab36a-b5dd-4a03-ae0f-3060b8a68ba3,Софийски районен съд,Гражданско дело,7179,2025,
3c21dab4-3454-48e0-901c-2508465e0aaa,Софийски районен съд,Гражданско дело,49528,2025,
6239791b-6a44-41b4-8860-8b7ca3c81a6a,Районен съд - Враца,Частно гражданско дело,1812,2026,
8a9230d7-b03e-435f-b1bc-838bb6dab0f7,Районен съд - Каварна,Частно гражданско дело,415,2026,
05deb8fc-c607-448d-a3cc-b01fa80c8af0,Софийски районен съд,Гражданско дело,76288,2024,
f8df82d2-d927-486f-9250-3d9a9a0b7f65,Софийски районен съд,Гражданско дело,24127,2025,
23625764-deed-48da-bb00-b947466deb0f,Софийски районен съд,Гражданско дело,50105,2025,
b9baf3c7-1d11-4689-9b81-07bfb8fef76f,Районен съд - Каварна,Частно гражданско дело,869,2025,
e23d2161-cbcf-49eb-af04-82fb149da68a,Софийски районен съд,Гражданско дело,11386,2026,
65192dfb-2543-4df1-a20f-aa93f6ae9687,Районен съд - Добрич,Гражданско дело,3836,2025,
fcde7707-d714-4a24-85a4-9433ef0d03c6,Районен съд - Добрич,Гражданско дело,2625,2024,
0b749338-9363-4fd9-b461-0c507302aaa1,Районен съд - Царево,Гражданско дело,406,2025,
2a921e0e-e088-4107-a3d6-583d16cb7fad,Районен съд - Ловеч,Административно наказателно дело,1091,2024,
31b91b1b-a707-4c75-9598-fcb24303c241,Районен съд - Бургас,Гражданско дело,340,2025,
41f9ee5e-dee2-4760-81d5-8bbe76071dc1,Районен съд - Търговище,Частно гражданско дело,1238,2026,
5331f328-9864-4d66-982f-ec2a8af85deb,Районен съд - Бургас,Частно гражданско дело,2894,2025,
5331f328-9864-4d66-982f-ec2a8af85deb,Районен съд - Бургас,Гражданско дело,6184,2025,
96a0a36d-bb7b-4445-b10b-850a3d5aff5a,Районен съд - Бургас,Гражданско дело,747,2026,
d5d39989-dacb-4662-a32e-cc7334e5bdeb,Районен съд - Бургас,Гражданско дело,3861,2025,
57a3279c-6193-456d-8763-7a6e3a0614a8,Районен съд - Бяла Слатина,Гражданско дело,1822,2026,
bde205f9-85c6-4bd1-a696-ac9d6fb11f40,Районен съд - Ямбол,Частно наказателно дело,630,2026,
437e2814-01e4-455a-b7c7-6eb97ce2e9c6,Районен съд - Враца,Гражданско дело,2472,2025,
cd23d467-6b60-482e-a687-d325da56e6cc,Районен съд - Нови пазар,Гражданско дело,2115,2026,
17b0f3f6-76e2-4cdd-971d-a37f6986b6f7,Софийски районен съд,Гражданско дело,74150,2024,
f13a7692-dfeb-4ddd-8323-d1e3d9fbfeb0,Районен съд - Плевен,Частно гражданско дело,372,2026,
14aa7893-b583-45dc-b86d-72dba82dfcfa,Районен съд - Враца,Гражданско дело,294,2026,
aa0df11b-37e0-4a21-8b02-e95062a6e7a7,Районен съд - Сливен,Административно наказателно дело,70,2026,
5547b574-15db-4cd8-bf4b-ce85fa408008,Районен съд - Сливен,Административно наказателно дело,251,2026,
9667f80f-fb8d-4e7a-8307-a3b3167b6977,Софийски окръжен съд,Търговско дело,188,2025,
9c6119a8-866e-4138-ab3c-3293a5c71236,Софийски градски съд,Частно гражданско дело,10020,2025,
b0598d3c-a022-4d41-9f74-815833f78a72,Районен съд - Велики Преслав,Частно гражданско дело,638,2026,
30c06fd0-68ed-4f97-986b-c6b164e9284c,Софийски градски съд,Гражданско дело,10907,2022,
1736d21e-f177-44e5-b17f-bf1f5c700ba4,Окръжен съд - Хасково,Частно наказателно дело,563,2026,
9df9d47c-9dfa-41cd-bf18-4848e128675e,Районен съд - Пирдоп,Гражданско дело,509,2025,
117a8a7e-7483-49cc-9d66-ee067b08d1c3,Районен съд - Плевен,Частно гражданско дело,2770,2026,
6248f281-cc94-44e1-8639-fc680cc21f2a,Районен съд - Плевен,Гражданско дело,6621,2025,
fbb0aafd-e6bd-4e40-af30-e4a1a4ac047e,Районен съд - Провадия,Частно гражданско дело,441,2026,
174b5255-a8b6-4eab-8c4b-e6deb3d7d353,Окръжен съд - Русе,Наказателно дело от общ характер,239,2026,
f87c6082-21e7-45d4-9cfe-228551211aa2,Районен съд - Димитровград,Гражданско дело,701,2025,
4091b8c3-22d3-4119-8988-9ccef7a2e0f0,Районен съд - Хасково,Гражданско дело,2763,2025,
4091b8c3-22d3-4119-8988-9ccef7a2e0f0,Районен съд - Димитровград,Гражданско дело,2017,2025,
a4faef24-dc48-495b-9104-d500b85c8c00,Районен съд - Пазарджик,Частно гражданско дело,1341,2026,
724866fd-6b73-493d-8f6c-da840773f0fa,Районен съд - Горна Оряховица,Административно наказателно дело,219,2026,
56413a54-9bb1-415b-b153-6a854dc3108e,Районен съд - Горна Оряховица,Административно наказателно дело,115,2026,
aba2b4f6-3097-4331-9432-d79e5f8930a7,Районен съд - Горна Оряховица,Административно наказателно дело,95,2026,
e15a4a06-bc88-4352-af23-608071677452,Окръжен съд - Русе,Частно наказателно дело,576,2026,
0d1472f3-7dd9-429e-b5c2-0c2d580a46a4,Районен съд - Радомир,Гражданско дело,1200,2026,
3a7a1890-026b-4ecb-ba3d-85949b5e308d,Софийски районен съд,Гражданско дело,62758,2024,
b56f5424-816b-47fc-9868-9238bace1f46,Районен съд - Велико Търново,Частно гражданско дело,1849,2026,
2ede4954-b990-4662-81b1-9c99adc11100,Районен съд - Русе,Частно гражданско дело,2179,2026,
2ede4954-b990-4662-81b1-9c99adc11100,Районен съд - Русе,Гражданско дело,5097,2026,
5b92196c-38e0-4c0c-8190-294a4de85419,Софийски районен съд,Гражданско дело,62202,2023,
d44e0c3e-e1b0-4f1c-a7c1-fab04e1acc0a,Районен съд - Бургас,Частно гражданско дело,2933,2026,
134bb235-0a32-49bd-afe5-96ebee72174a,Окръжен съд - Русе,Частно наказателно дело,719,2026,
dea71d8f-dca4-4053-9ae1-bd247fa68a24,Окръжен съд - Пазарджик,Гражданско дело,828,2025,
0a7ca5ae-7143-4554-a4a6-c81da32ca966,Районен съд - Пазарджик,Частно наказателно дело,1141,2026,
125e0721-7e05-48a3-b87c-8e0dc007a939,Районен съд - Гоце Делчев,Гражданско дело,1443,2025,
150a6b35-4044-483c-bce6-b1401df6bc9a,Районен съд - Ботевград,Частно гражданско дело,2020,2026,
cc10d427-a02d-41e8-9508-5a68fa78bd08,Районен съд - Разлог,Гражданско дело,1728,2025,
dd235b82-de3c-4e63-b000-0c3459c244ff,Районен съд - Котел,Частно гражданско дело,1414,2025,
dd235b82-de3c-4e63-b000-0c3459c244ff,Районен съд - Разлог,Гражданско дело,43,2026,
9f55eb9c-9fbd-4a1a-a0fe-f7680b498dce,Административен съд - Бургас,Административно дело,433,2026,
490d2143-75ae-4b61-accf-479fb5f201fd,Районен съд - Велико Търново,Частно гражданско дело,2769,2026,
dc5e637b-6635-4ee8-9099-f1278d940aae,Софийски районен съд,Гражданско дело,35300,2025,
6e4ecc52-21cd-4937-9c92-8f15178568b6,Районен съд - Дулово,Частно гражданско дело,149,2026,
ac3c6b7d-3128-4b7f-a1b5-20b91092e90e,Софийски районен съд,Гражданско дело,72881,2024,
3c370bfd-3a3b-497c-a71c-311a90fc7115,Софийски районен съд,Гражданско дело,2822,2025,
2f3f7c46-476e-41c7-8207-b33ebca8f04b,Софийски градски съд,Гражданско дело,4509,2026,
1680ed27-e9cc-40d3-b388-29f2e6191bc5,Софийски районен съд,Гражданско дело,47382,2024,
3e924a08-e5c8-444e-894b-8f67a5fb9775,Софийски районен съд,Гражданско дело,45242,2025,
59feb204-100d-4003-876d-626fb33b7214,Районен съд - Русе,Частно гражданско дело,1627,2026,
59feb204-100d-4003-876d-626fb33b7214,Районен съд - Враца,Гражданско дело,6008,2026,
510573e5-a7c2-49d7-bf5b-5001c020ae83,Районен съд - Каварна,Частно гражданско дело,866,2026,
510573e5-a7c2-49d7-bf5b-5001c020ae83,Районен съд - Каварна,Гражданско дело,1179,2026,
a4cea5d8-5ec8-4053-bd54-340faf3de271,Районен съд - Ямбол,Частно гражданско дело,125,2026,
59b6a41c-8c9b-4c4e-8931-704558ccf3e0,Софийски районен съд,Частно гражданско дело,41302,2023,
b992a263-9fc2-4727-8d05-d7b968229b85,Районен съд - Разград,Частно гражданско дело,804,2026,
1f34ccfe-842d-4b2e-81db-a7b9f88f1841,Софийски градски съд,Гражданско дело,7435,2026,
8658e396-9f2c-46ec-ac61-d58cdd944440,Районен съд - Бургас,Административно наказателно дело,2628,2026,
0f6d08f2-e875-4bbe-8884-6d2cbbe81ded,Районен съд - Своге,Частно гражданско дело,807,2026,
f42375b4-5eb6-4ea7-af55-79a9a9d11cb6,Окръжен съд - Перник,Наказателно дело от общ характер,24,2026,
69822620-3768-416b-80d0-1bfb64e59007,Окръжен съд - Враца,Частно наказателно дело,301,2026,
a9b8d669-2fec-4973-ac8b-0bb4d4dc54b2,Районен съд - Ловеч,Частно гражданско дело,591,2026,
a9b8d669-2fec-4973-ac8b-0bb4d4dc54b2,Районен съд - Ловеч,Гражданско дело,1469,2026,
b5fcdffa-618f-4a5a-b7f7-a2e635b83c3b,Районен съд - Нови пазар,Частно гражданско дело,969,2026,
2e876012-9862-460a-949e-6b403c62bf86,Софийски градски съд,Търговско дело,1634,2025,
12d0661f-6449-4f47-83fe-fc8025c6e00a,Районен съд - Балчик,Наказателно дело от общ характер,125,2023,
05d08920-5051-4665-ba65-56ac6acd1363,Софийски градски съд,Наказателно дело от общ характер,2270,2026,
413f88ef-85b3-467b-bf83-0a64577e4877,Районен съд - Варна,Гражданско дело,5544,2024,
25105998-25a6-44e4-9fa2-3129e35ba2d9,Районен съд - Дупница,Наказателно дело от общ характер,384,2024,
69d9c8b2-b98c-4e36-ba8a-87fbc1886330,Районен съд - Нови пазар,Частно гражданско дело,969,2026,
57358322-99fe-47cb-9720-dc1ff9d76bd4,Районен съд - Варна,Гражданско дело,10504,2024,
482aabd9-341e-475e-afe9-ca259926690d,Районен съд - Варна,Гражданско дело,17062,2022,
2d0bfabb-96bf-40bc-a910-f3dac72c9b46,Окръжен съд - Варна,Гражданско дело,995,2025,
2d0bfabb-96bf-40bc-a910-f3dac72c9b46,Районен съд - Варна,Гражданско дело,6527,2025,
868cd673-151a-43f7-8bec-1a1449676aca,Районен съд - Варна,Гражданско дело,10000,2025,
841288fa-0757-47e6-882b-59b06acc5455,Районен съд - Стара Загора,Административно наказателно дело,1067,2026,
e6e933c2-29d7-4d89-a55b-f817e00ac7d1,Районен съд - Севлиево,Частно гражданско дело,87,2026,
99e64059-7864-438a-bb0c-4399431f91a5,Районен съд - Асеновград,Частно наказателно дело,74,2026,
99e64059-7864-438a-bb0c-4399431f91a5,Окръжен съд - Пловдив,Въззивно частно наказателно дело,246,2026,
3913fc8b-95d2-455b-a4a6-76218cddf94f,Окръжен съд - Монтана,Частно наказателно дело,253,2026,
a58c902b-497d-4cfc-94cd-dd9794c38438,Районен съд - Варна,Гражданско дело,6811,2025,
2d275cac-945d-4318-8626-4c00cd28263b,Районен съд - Варна,Гражданско дело,12656,2025,
c68f525b-d961-43d4-8515-b09a8b4ecef5,Районен съд - Русе,Наказателно дело от общ характер,1852,2025,
96edf567-306c-43de-b4f9-618236ca0f1d,Районен съд - Варна,Гражданско дело,3740,2025,
a1cba8d9-b84c-46ac-9202-1f4f00eee0fe,Районен съд - Шумен,Гражданско дело,1530,2025,
0b02f96e-156b-4404-aa0c-070729a45436,Районен съд - Велики Преслав,Гражданско дело,365,2026,
0b02f96e-156b-4404-aa0c-070729a45436,Окръжен съд - Шумен,Въззивно частно гражданско дело,447,2026,
821879cc-101f-49d2-8ee2-da2c7ae85487,Районен съд - Карнобат,Частно наказателно дело,188,2026,
b83e8c9f-a46b-4ceb-9eda-14b12f48bd36,Районен съд - Варна,Гражданско дело,36,2026,
3a7abcff-17e3-477e-8ed6-ab3a42854730,Районен съд - Варна,Гражданско дело,5061,2025,
da6764cf-fec5-401a-ae13-c764f1b0306c,Районен съд - Варна,Гражданско дело,11606,2025,
35c6ec8e-e07e-4297-b641-d5a7ce0cdfe7,Софийски окръжен съд,Частно наказателно дело,239,2026,
2f596b0a-3df6-407c-988a-82837d58ae0c,Районен съд - Варна,Гражданско дело,2017,2025,
ce9deb28-b1a8-4426-bb04-1844c233f448,Районен съд - Варна,Гражданско дело,2706,2026,
7a7cd74e-e0df-4012-825b-16fe1a6b2a64,Районен съд - Варна,Гражданско дело,16616,2023,
39953ca0-c2ae-42a7-927a-66de6d4eb3f1,Районен съд - Карнобат,Частно гражданско дело,1477,2025,
5afc2f6e-11ea-4592-825f-e72a46c16265,Районен съд - Перник,Частно гражданско дело,2495,2026,
70dfa185-0825-404d-bc24-6fc0531d7c6d,Софийски градски съд,Частно наказателно дело,5582,2026,
d891e9e2-3849-43a0-8cdd-7c27f3f98070,Районен съд - Перник,Гражданско дело,3506,2026,
300f1b54-a9f0-490b-8312-6bde919a8517,Районен съд - Перник,Частно гражданско дело,2089,2025,
4ec64bd5-b52d-477e-8623-d15920b3057d,Районен съд - Дупница,Административно наказателно дело,59,2026,
58537f4e-fda3-465d-be27-fb86057472eb,Софийски градски съд,Частно гражданско дело,6706,2026,
ffe8731f-3c7d-456b-9221-ceaacc8c7d68,Софийски градски съд,Гражданско дело,14205,2025,
dbb8e556-d320-4c2c-9def-212d94ee6a8e,Софийски градски съд,Гражданско дело,8724,2022,
61fa19d6-e56b-4a46-925c-85489b06a0d0,Районен съд - Дупница,Административно наказателно дело,39,2026,
5939cdcc-ebf3-49f8-aa4b-0936a23e8540,Софийски градски съд,Търговско дело,1742,2020,
5932b185-5fbe-4427-a46c-4d4b85e8ea22,Софийски градски съд,Гражданско дело,5645,2025,
c4d202f6-d473-4a94-a5b6-2b73e8264726,Районен съд - Варна,Административно наказателно дело,1326,2026,
5f78b107-270e-4407-bff0-fc3cc214750c,Районен съд - Варна,Административно наказателно дело,5174,2025,
b584e1c1-7044-4668-803a-70a522250c00,Апелативен съд - Бургас,Въззивно наказателно дело от общ характер,149,2024,
b584e1c1-7044-4668-803a-70a522250c00,Окръжен съд - Ямбол,Наказателно дело от общ характер,119,2025,
144a8ec6-da81-4616-a67a-e1134b9bf7e1,Районен съд - Варна,Административно наказателно дело,1910,2026,
033ccbf1-c6ca-4ef9-9b87-f7f7779c470a,Районен съд - Варна,Административно наказателно дело,1517,2026,
d768307d-2870-4497-87d9-0afd1e8ddce5,Окръжен съд - Бургас,Частно гражданско дело,1060,2025,
798f11d1-fc39-45ef-9c2c-ed2ef81bf16f,Софийски градски съд,Гражданско дело,527,2026,
8eff57bd-9e0d-42e0-99ce-15a9c7cea2c0,Районен съд - Казанлък,Наказателно дело от общ характер,136,2025,
0c06e630-ee12-49d4-ad9b-661a60a7b13c,Софийски районен съд,Административно наказателно дело,5856,2026,
7a9ee3ac-c1b3-4fca-8be9-991c36b99d68,Окръжен съд - Пловдив,Наказателно дело от общ характер,2526,2024,
0f29e1f8-59bd-4589-8ad1-bcf28358a9f3,Районен съд - Враца,Частно гражданско дело,4025,2025,
0f29e1f8-59bd-4589-8ad1-bcf28358a9f3,Районен съд - Горна Оряховица,Гражданско дело,1343,2026,
19bb0078-f6a3-4e83-8fb1-145f714cb217,Софийски районен съд,Административно наказателно дело,8864,2025,
21108426-0759-4630-8916-2df405525df0,Софийски районен съд,Административно наказателно дело,232,2025,
8c21b5e7-498e-4d1e-bf3f-5012f4ffef52,Софийски районен съд,Административно наказателно дело,1852,2026,
3c776b5c-57a0-4475-b317-fcb7399ff8c1,Софийски градски съд,Частно търговско дело,1393,2026,
c1f00c03-0301-4cf1-872d-f0ab9790f1d3,Окръжен съд - Хасково,Наказателно дело от общ характер,392,2026,
e1fd916d-151d-49df-b252-3cfb540ec7bd,Софийски районен съд,Административно наказателно дело,523,2026,
cb853d25-adff-44f4-bbdc-4ea9271cd50c,Софийски районен съд,Административно наказателно дело,4041,2026,
59009394-c1df-4271-90a8-bbb8c827a0d9,Окръжен съд - Шумен,Гражданско дело,513,2025,
73dde453-2fef-4ae1-a9fe-d1a1bd918253,Софийски градски съд,Въззивно гражданско дело,1723,2026,
5a4a0d95-9a59-4f37-87a5-d6b7f5f5e921,Окръжен съд - Враца,Търговско дело,129,2025,
cf8ed962-05db-4123-b5c3-5a1afbdbf267,Окръжен съд - Разград,Частно търговско дело,35,2026,
5c422c56-693a-4b2a-9800-73a51bfc2450,Окръжен съд - Враца,Търговско дело,12,2025,
9a74c2b7-e0b9-4708-92a4-c54bc75f19f9,Софийски районен съд,Частно гражданско дело,19824,2026,
c8ddbd7e-7151-409c-be90-8761164bda3b,Окръжен съд - Варна,Частно търговско дело,186,2026,
3e01b958-ce24-47fe-96f3-58afa7378ba1,Софийски градски съд,Гражданско дело,8527,2025,
1003fd40-ac30-43e8-91f3-12b4c975039d,Окръжен съд - Благоевград,Гражданско дело,220,2025,
d17bd38c-deda-413e-83a9-25a2411500a4,Районен съд - Перник,Частно гражданско дело,1192,2026,
d17bd38c-deda-413e-83a9-25a2411500a4,Окръжен съд - Перник,Въззивно частно гражданско дело,254,2026,
769c8c93-9555-410e-98d0-14ace54476ea,Софийски градски съд,Търговско дело,2087,2025,
23455ea7-7f43-450b-8e27-b9c99cb7ef72,Софийски градски съд,Гражданско дело,4224,2026,
ef41ccee-020c-4a12-9f22-45d9960de2a5,Районен съд - Карнобат,Частно гражданско дело,1214,2026,
f04b2a7a-56ac-439b-bfd8-f6560bee0f1d,Софийски градски съд,Гражданско дело,3962,2026,
61d58f71-49e1-4417-935a-fac28f9c56ab,Районен съд - Ихтиман,Частно гражданско дело,327,2026,
6a64adc8-98ca-430e-b513-6717d4a09114,Районен съд - Враца,Частно гражданско дело,2046,2026,
b76cd548-3635-4c22-8af8-56efb3503377,Районен съд - Русе,Гражданско дело,227,2026,
88b835a7-083b-4173-b7ed-aa96732d3a41,Районен съд - Пловдив,Частно наказателно дело,4629,2026,
a9c25ecc-8bf4-4254-b76d-104acd939ee5,Районен съд - Стара Загора,Гражданско дело,2781,2026,
3dc8c97d-6940-4116-b711-b69116063206,Районен съд - Чирпан,Частно гражданско дело,718,2026,
0dc88154-1b0c-4ae4-835b-60e207863f58,Районен съд - Пловдив,Наказателно дело от общ характер,2326,2026,
1a5de1b0-9649-45b9-b803-a1ae3fc4bb45,Апелативен съд - Пловдив,Въззивно частно гражданско дело,231,2026,
1a5de1b0-9649-45b9-b803-a1ae3fc4bb45,Районен съд - Стара Загора,Гражданско дело,1579,2026,
fd57fd0f-ab71-4fca-9f75-1969ad413cc0,Софийски градски съд,Търговско дело,1865,2025,
c5953786-1caa-47d8-9519-e6bdbd8accc2,Районен съд - Дулово,Административно наказателно дело,188,2025,
0a3ead7e-7986-4cdc-bac5-a3e38b1699d3,Районен съд - Нови пазар,Гражданско дело,1093,2025,
a981eba2-676b-4ec3-9d8f-0e88435e9485,Окръжен съд - Силистра,Частно наказателно дело,255,2026,
c4e20793-1868-4d2f-87e7-1b6ae11c4aec,Районен съд - Дулово,Административно наказателно дело,198,2025,
f03dbd7d-49fb-4c10-9754-6a359bf9313b,Районен съд - Русе,Гражданско дело,2434,2024,
b06f7e10-a290-49e5-8208-6a994cfba471,Районен съд - Дулово,Административно наказателно дело,189,2025,
6cacdd5d-aedd-443b-943e-77e33f9519c5,Районен съд - Дулово,Административно наказателно дело,209,2025,
d28b2da8-ea01-4d29-bb95-3865df48ae76,Софийски районен съд,Гражданско дело,11696,2026,
388ba0f0-bd20-4ecb-a0a2-19a06bd7df54,Районен съд - Дулово,Административно наказателно дело,211,2025,
345c1fbd-d8b0-4825-bb44-5a21e768ffb7,Софийски районен съд,Наказателно дело от общ характер,7347,2024,
27c609b6-2f5f-4c96-9dc2-d8c1acc93187,Районен съд - Нови пазар,Административно наказателно дело,203,2026,
a434825b-78ae-463c-93a6-01a8331e11d6,Окръжен съд - Добрич,Частно наказателно дело,284,2026,
99c6d01d-6596-4447-bfa9-8debf743654f,Районен съд - Дулово,Административно наказателно дело,215,2025,
e2ad77e9-f84f-4178-b038-f25ec426f848,Районен съд - Търговище,Частно гражданско дело,1226,2025,
e2ad77e9-f84f-4178-b038-f25ec426f848,Районен съд - Горна Оряховица,Гражданско дело,2732,2025,
dc95f6e0-714a-4447-a55e-c4f238ddda1b,Районен съд - Нови пазар,Гражданско дело,2116,2026,
54c06f3a-c3cd-4371-8172-27702eb7a606,Районен съд - Нови пазар,Административно наказателно дело,195,2026,
c24c5a31-09dc-4c3d-906c-74e2f1e9ba2c,Районен съд - Велико Търново,Частно наказателно дело,897,2026,
c24c5a31-09dc-4c3d-906c-74e2f1e9ba2c,Районен съд - Горна Оряховица,Частно наказателно дело,550,2026,
ee113d6f-206e-44f8-969f-8190442d8fe3,Районен съд - Ген. Тошево,Административно наказателно дело,19,2026,
6ff4d5bb-671d-4530-be69-cc1a8b3daf14,Районен съд - Дулово,Административно наказателно дело,191,2025,
b7e09244-a7e4-4502-aeeb-03014e8707d1,Районен съд - Сливен,Наказателно от частен характер дело,990,2026,
44b54fa8-c768-4f9a-8b6c-df179230d007,Районен съд - Дулово,Административно наказателно дело,201,2025,
58ec9457-5cbc-4834-af5f-cbbafad1f756,Районен съд - Дулово,Административно наказателно дело,195,2025,
4658d108-01c1-4892-a34d-39a9bbec9170,Софийски окръжен съд,Частно наказателно дело,614,2026,
03f14979-9ded-40f2-9483-fd90c4f893da,Районен съд - Велики Преслав,Административно наказателно дело,402,2025,
10ac9c0e-3f79-451c-9227-b5a3d80250d6,Районен съд - Дулово,Административно наказателно дело,208,2025,
1809dfe7-f6e5-49be-87e5-0217d79a88d8,Районен съд - Ямбол,Наказателно от частен характер дело,618,2026,
7f326719-392b-459b-92bf-dca5326cbc7e,Районен съд - Дулово,Административно наказателно дело,210,2025,
99fc7b23-32ad-499c-b8a1-8223ec1c966d,Районен съд - Благоевград,Гражданско дело,2838,2024,
99fc7b23-32ad-499c-b8a1-8223ec1c966d,Окръжен съд - Благоевград,Въззивно гражданско дело,308,2026,
94d6d89c-51ef-4e68-bcfb-9c7a8f219d4a,Софийски районен съд,Наказателно дело от общ характер,10146,2026,
e86b9e7b-f6dc-447a-abc7-04a7eb8dceb6,Софийски градски съд,Наказателно дело от общ характер,1827,2024,
e86b9e7b-f6dc-447a-abc7-04a7eb8dceb6,Апелативен съд - София,Въззивно наказателно дело от общ характер,1142,2025,
8ab52c10-ea74-41b0-a8fb-8fb893407c69,Административен съд - София-град,Административно дело,378,2026,
9c108657-2ec5-411a-acd8-c0ffd1cc2533,Районен съд - Силистра,Административно наказателно дело,120,2026,
deea11d1-42d3-4faa-a9e1-31fb18f37828,Софийски районен съд,Гражданско дело,27098,2025,
deea11d1-42d3-4faa-a9e1-31fb18f37828,Районен съд - Дупница,Гражданско дело,2458,2025,
c8413d55-3f8e-4293-9f69-eed9708fa525,Административен съд - София-град,Административно дело,13400,2025,
e8bc7a52-cd63-46f8-88ca-51f2ac38f195,Районен съд - Кюстендил,Гражданско дело,3617,2025,
797e3772-5824-4d0d-bad8-7ef3c1fff0b6,Административен съд - София-област,Административно дело,367,2026,
45a765f8-e1a9-44b0-abe0-6d61699ab3bb,Софийски районен съд,Наказателно дело от общ характер,7326,2026,
cb867647-fd8a-4715-974e-f91c5bd8e00d,Окръжен съд - Стара Загора,Търговско дело,112,2023,
cd7d62a9-3008-4c63-91bb-674a68245464,Районен съд - Балчик,Административно наказателно дело,97,2026,
15a9ca4c-11db-4cbe-9b28-47d6b0cc0606,Районен съд - Дупница,Наказателно дело от общ характер,312,2026,
15a9ca4c-11db-4cbe-9b28-47d6b0cc0606,Районен съд - Дупница,Наказателно дело от общ характер,469,2026,
dd4999c3-acab-4269-8df1-6d794ee9aaf3,Районен съд - Провадия,Гражданско дело,836,2026,
dd4999c3-acab-4269-8df1-6d794ee9aaf3,Окръжен съд - Варна,Въззивно частно гражданско дело,1829,2026,
1d4af403-ef5c-4b37-8a4a-1bedfa9cbaf0,Окръжен съд - Пловдив,Частно търговско дело,378,2026,
32f710e9-660a-4267-9199-bb17243ebf1f,Административен съд - София-област,Административно дело,1224,2025,
2603b74c-38ea-4410-81d5-65e1d5125fd6,Окръжен съд - Хасково,Търговско дело,77,2025,
1419b13b-68fa-4022-94f8-521fc86507ed,Окръжен съд - Благоевград,Частно наказателно дело,914,2026,
7b9edb9e-9e8e-4dfb-b328-7a93f6c8be5e,Окръжен съд - Хасково,Търговско дело,91,2025,
c8149801-8228-4a68-99a8-c0ef3a846110,Окръжен съд - Пловдив,Гражданско дело,569,2025,
552e5352-9ef0-4123-b524-f0ca35f9ce26,Апелативен съд - Пловдив,Въззивно частно гражданско дело,658,2025,
552e5352-9ef0-4123-b524-f0ca35f9ce26,Окръжен съд - Пловдив,Гражданско дело,3416,2025,
64c03f53-aa0e-4888-8394-dcbf4969bcff,Районен съд - Плевен,Гражданско дело,6931,2025,
64c03f53-aa0e-4888-8394-dcbf4969bcff,Окръжен съд - Плевен,Въззивно гражданско дело,374,2026,
d6332631-8786-44e1-984f-15ea452179b5,Районен съд - Варна,Наказателно дело от общ характер,1636,2025,
21a5df45-75ad-4b5d-b411-1acc88597140,Районен съд - Разград,Административно наказателно дело,251,2026,
1a29c5b1-aac9-406c-899d-f29c8aed1c8b,Районен съд - Чепеларе,Частно гражданско дело,769,2025,
d649e397-02d2-4f2c-92b4-86e725d7708a,Софийски районен съд,Частно наказателно дело,11987,2026,
f0b792cc-6b17-4a60-b16c-e638682bb8ca,Районен съд - Исперих,Наказателно дело от общ характер,205,2024,
f0b792cc-6b17-4a60-b16c-e638682bb8ca,Окръжен съд - Разград,Въззивно наказателно дело от общ характер,322,2025,
1c1fb944-cb03-4b48-90b1-f20e3dafa726,Районен съд - Пещера,Административно наказателно дело,64,2026,
3cd1400b-3806-486f-a1f7-b51c81b209c1,Софийски градски съд,Гражданско дело,13930,2021,
3cd1400b-3806-486f-a1f7-b51c81b209c1,Апелативен съд - София,Въззивно гражданско дело,52,2025,
74e0c273-41d5-4636-b197-763700aec961,Районен съд - Пещера,Административно наказателно дело,65,2026,
e4d6c3cd-884f-4367-9e19-3ef9d8b4b6cc,Районен съд - Дупница,Частно гражданско дело,1695,2026,
f189ed7b-9804-49d7-a353-feab4f985869,Софийски районен съд,Частно наказателно дело,11986,2026,
b4a00b0b-40b7-4618-9ac8-d138513cb85a,Софийски районен съд,Гражданско дело,5948,2024,
b4a00b0b-40b7-4618-9ac8-d138513cb85a,Софийски градски съд,Въззивно гражданско дело,6707,2025,
12be236e-979b-4a33-86b6-aa2cede9d570,Районен съд - Сливен,Частно наказателно дело,1022,2026,
d50ffb3f-5e9c-4ca3-a845-fc2afeebaee3,Софийски районен съд,Наказателно дело от общ характер,13441,2025,
6a1edf5c-7511-40f1-b246-3378601965ec,Районен съд - Сливница,Гражданско дело,1047,2026,
846659bf-bb3e-4b4b-9306-8aed48e93227,Софийски районен съд,Частно наказателно дело,12002,2026,
8d416a2a-9d2c-4ff8-9b77-fbdafde602ca,Окръжен съд - Варна,Частно наказателно дело,1367,2026,
0c1e95bd-fee0-4970-a9ed-4f96a2cd2665,Районен съд - Русе,Гражданско дело,4512,2024,
0c1e95bd-fee0-4970-a9ed-4f96a2cd2665,Окръжен съд - Русе,Въззивно гражданско дело,8,2026,
837dcfdb-bc5e-46af-ad71-1556b19df208,Върховен касационен съд,Касационно частно наказателно дело,971,2025,
837dcfdb-bc5e-46af-ad71-1556b19df208,Районен съд - Сливен,Наказателно дело от общ характер,1399,2025,
9270c881-f28c-4a76-b7dc-ab4f29cb70bb,Районен съд - Казанлък,Частно гражданско дело,1776,2026,
81a6eb49-c11f-4a45-bcc1-601fbaa99543,Районен съд - Лом,Частно гражданско дело,1792,2025,
3e9e3af2-3b97-4726-9aad-d0d322dde6b7,Софийски районен съд,Гражданско дело,9078,2026,
78187e23-06d6-458e-be7e-2e6f7f920b33,Софийски районен съд,Наказателно дело от общ характер,14390,2023,
e634f82f-6f9d-4337-8a4b-f287f0e41a7d,Районен съд - Смолян,Гражданско дело,1671,2025,
2098aa24-127d-4595-92e9-6a31274ea1e5,Софийски районен съд,Частно наказателно дело,11988,2026,
a1f6d7b2-ec05-4c5b-9cb7-6d41ca2969bd,Районен съд - Монтана,Частно гражданско дело,1688,2026,
a1f6d7b2-ec05-4c5b-9cb7-6d41ca2969bd,Районен съд - Монтана,Гражданско дело,3595,2026,
f56646f6-e65a-4a37-845c-b91c386f7ad2,Районен съд - Ловеч,Гражданско дело,608,2024,
f56646f6-e65a-4a37-845c-b91c386f7ad2,Окръжен съд - Ловеч,Въззивно гражданско дело,93,2026,
1f020cc0-79c1-4616-a463-f0cfeaa04fb7,Окръжен съд - Варна,Частно наказателно дело,1265,2026,
4fd148f7-c9f6-41eb-b1e6-6aae4a3ed240,Софийски районен съд,Частно наказателно дело,7568,2026,
4fd148f7-c9f6-41eb-b1e6-6aae4a3ed240,Софийски районен съд,Частно наказателно дело,9219,2026,
24e26e1e-e52d-4de1-b7fd-0435c2288ade,Софийски районен съд,Административно наказателно дело,15503,2024,
4e226c5a-94d4-4b08-894e-24596946472c,Районен съд - Велико Търново,Административно наказателно дело,694,2024,
a08d8ff5-4fba-4c0f-8376-ed655ed1a72b,Софийски районен съд,Частно наказателно дело,2179,2026,
101082e1-2fc9-461c-9b1a-176d0f5cec69,Районен съд - Велико Търново,Административно наказателно дело,239,2026,
2ab9d5f9-544a-4a89-b3b1-edc9201b352f,Районен съд - Първомай,Гражданско дело,12,2026,
770c80dd-3b4b-440a-af8a-ac36062160a6,Софийски районен съд,Частно наказателно дело,11911,2026,
8fad02a2-3f59-4c37-8ec3-711bec1c2603,Районен съд - Шумен,Частно наказателно дело,1647,2026,
cfb740b8-adf1-4afa-b088-48402eab73de,Районен съд - Асеновград,Гражданско дело,2004,2024,
cfb740b8-adf1-4afa-b088-48402eab73de,Окръжен съд - Пловдив,Въззивно гражданско дело,515,2026,
1b5fc796-af8b-4bc2-95ab-01a922245632,Софийски районен съд,Гражданско дело,19952,2026,
8079859a-217a-4ff4-9fe7-51ea7236a624,Софийски районен съд,Гражданско дело,69252,2021,
8079859a-217a-4ff4-9fe7-51ea7236a624,Софийски градски съд,Въззивно гражданско дело,7967,2023,
967c150c-1616-4f83-9ddc-b50beb5c69f0,Районен съд - Бургас,Административно наказателно дело,1696,2026,
66b9db76-5740-40c8-9d28-cf976863f2fe,Окръжен съд - Плевен,Въззивно частно наказателно дело,614,2026,
fce67c07-d672-4d0e-bbff-d1977b62f63b,Окръжен съд - Варна,Наказателно дело от общ характер,1541,2022,
fce67c07-d672-4d0e-bbff-d1977b62f63b,Апелативен съд - Варна,Въззивно наказателно дело от общ характер,113,2026,
9dda9fba-89ff-4191-8770-188702d26fb6,Софийски районен съд,Гражданско дело,14001,2023,
9dda9fba-89ff-4191-8770-188702d26fb6,Софийски градски съд,Въззивно гражданско дело,4765,2025,
596f4755-0eda-4b03-a409-431b4c28944f,Районен съд - Елин Пелин,Административно наказателно дело,353,2025,
1835439a-e96a-445c-9fd3-d74284097126,Районен съд - Момчилград,Гражданско дело,265,2025,
74ffdb95-d021-46f6-977d-db50f41388ac,Районен съд - Пазарджик,Частно гражданско дело,3097,2026,
557cc69f-4925-40b4-8eaf-f54613557059,Софийски градски съд,Гражданско дело,7769,2024,
557cc69f-4925-40b4-8eaf-f54613557059,Апелативен съд - София,Въззивно гражданско дело,2499,2025,
